ProductName,MainCategory,SubCategory,Demographic,Price,Quantity
Frozen Pizza 1,GROCERIES,FREEZER_FOOD,,297.25,129
Frozen Pizza 2,GROCERIES,FREEZER_FOOD,,235.25,47
Frozen Pizza 3,GROCERIES,FREEZER_FOOD,,95.79,159
Frozen Pizza 4,GROCERIES,FREEZER_FOOD,,977.27,22
Kid’s Dress,CLOTHING,DRESS,KID,769.46,90
Frozen Pizza 4,GROCERIES,FREEZER_FOOD,,528.94,23
Rice 10lb,GROCERIES,DRY_FOOD,,860.01,15
King Bed Frame,FURNITURE,BED,,344.05,27
Detergent 64oz,GROCERIES,CLEANING,,142.73,181
Rice 10lb,GROCERIES,DRY_FOOD,,440.68,72
Women’s Pants,CLOTHING,PANTS,WOMEN,103.69,124
Rice 10lb,GROCERIES,DRY_FOOD,,854.74,35
King Bed Frame,FURNITURE,BED,,144.7,143
Kid’s Dress,CLOTHING,DRESS,KID,866.42,110
Frozen Pizza 5,GROCERIES,FREEZER_FOOD,,604.01,70
Men’s Dress Shirt,CLOTHING,DRESS,MEN,988.19,70
Women’s Pants,CLOTHING,PANTS,WOMEN,822.91,130
Kid’s Dress,CLOTHING,DRESS,KID,790.98,93
Men’s Dress Shirt,CLOTHING,DRESS,MEN,374.96,48
Rice 10lb,GROCERIES,DRY_FOOD,,163.8,47
Kid’s Dress,CLOTHING,DRESS,KID,239.86,109
Kid’s Dress,CLOTHING,DRESS,KID,105.98,48
Detergent 64oz,GROCERIES,CLEANING,,215.6,94
Detergent 64oz,GROCERIES,CLEANING,,450.53,129
Coach Leather Sofa,FURNITURE,COACH,,872.89,167
Men’s Dress Shirt,CLOTHING,DRESS,MEN,951.39,112
King Bed Frame,FURNITURE,BED,,304.25,190
6,GROCERIES,FREEZER_FOOD,,422.28,8
Kid’s Dress,CLOTHING,DRESS,KID,550.04,56
Men’s Dress Shirt,CLOTHING,DRESS,MEN,623.67,17
Detergent 64oz,GROCERIES,CLEANING,,305.32,106
Kid’s Dress,CLOTHING,DRESS,KID,184.29,129
Detergent 64oz,GROCERIES,CLEANING,,118.94,65
Women’s Pants,CLOTHING,PANTS,WOMEN,445.97,42
Frozen Pizza,GROCERIES,FREEZER_FOOD,,795.59,166
Detergent 64oz,GROCERIES,CLEANING,,957.89,1
Kid’s Dress,CLOTHING,DRESS,KID,6.5,181
King Bed Frame,FURNITURE,BED,,412.69,135
Frozen Pizza,GROCERIES,FREEZER_FOOD,,298,19
Frozen Pizza ,GROCERIES,FREEZER_FOOD,,866.78,99
King Bed Frame,FURNITURE,BED,,850.49,91
King Bed Frame,FURNITURE,BED,,417.37,76
Kid’s Dress,CLOTHING,DRESS,KID,915.3,91
Men’s Dress Shirt,CLOTHING,DRESS,MEN,217.32,47
Kid’s Dress,CLOTHING,DRESS,KID,592.6,194
Frozen Pizza,GROCERIES,FREEZER_FOOD,,142.2,196
Kid’s Dress,CLOTHING,DRESS,KID,783.14,148
Men’s Dress Shirt,CLOTHING,DRESS,MEN,480.28,25
Frozen Pizza,GROCERIES,FREEZER_FOOD,,364.6,130
Women’s Pants,CLOTHING,PANTS,WOMEN,499.1,3
Men’s Dress Shirt,CLOTHING,DRESS,MEN,298.78,52
Frozen Pizza,GROCERIES,FREEZER_FOOD,,116.03,149
Rice 10lb,GROCERIES,DRY_FOOD,,589.87,101
Men’s Dress Shirt,CLOTHING,DRESS,MEN,560.96,72
Coach Leather Sofa,FURNITURE,COACH,,332.54,135
King Bed Frame,FURNITURE,BED,,380.87,110
Men’s Dress Shirt,CLOTHING,DRESS,MEN,873.27,85
Women’s Pants,CLOTHING,PANTS,WOMEN,79.67,89
Frozen Pizza,GROCERIES,FREEZER_FOOD,,525.46,119
Rice 10lb,GROCERIES,DRY_FOOD,,530.05,4
Kid’s Dress,CLOTHING,DRESS,KID,29.05,95
Detergent 64oz,GROCERIES,CLEANING,,522.56,113
Kid’s Dress,CLOTHING,DRESS,KID,662.43,160
Men’s Dress Shirt,CLOTHING,DRESS,MEN,450.74,65
Women’s Pants,CLOTHING,PANTS,WOMEN,458.66,44
Detergent 64oz,GROCERIES,CLEANING,,754.59,174
Men’s Dress Shirt,CLOTHING,DRESS,MEN,102.73,141
Detergent 64oz,GROCERIES,CLEANING,,858.98,23
Kid’s Dress,CLOTHING,DRESS,KID,136.41,17
Coach Leather Sofa,FURNITURE,COACH,,369.28,77
Coach Leather Sofa,FURNITURE,COACH,,557.44,30
Women’s Pants,CLOTHING,PANTS,WOMEN,306.46,146
Frozen Pizza,GROCERIES,FREEZER_FOOD,,30.32,47
Rice 10lb,GROCERIES,DRY_FOOD,,123.32,58
Kid’s Dress,CLOTHING,DRESS,KID,907.74,182
Rice 10lb,GROCERIES,DRY_FOOD,,717.28,12
Kid’s Dress,CLOTHING,DRESS,KID,410.32,11
Women’s Pants,CLOTHING,PANTS,WOMEN,523.81,5
Detergent 64oz,GROCERIES,CLEANING,,566.77,164
Women’s Pants,CLOTHING,PANTS,WOMEN,641.49,19
King Bed Frame,FURNITURE,BED,,285.62,67
Men’s Dress Shirt,CLOTHING,DRESS,MEN,317.04,16
King Bed Frame,FURNITURE,BED,,392.28,5
Detergent 64oz,GROCERIES,CLEANING,,788.87,186
Men’s Dress Shirt,CLOTHING,DRESS,MEN,560.29,123
Detergent 64oz,GROCERIES,CLEANING,,192.77,18
Men’s Dress Shirt,CLOTHING,DRESS,MEN,953.74,92
Women’s Pants,CLOTHING,PANTS,WOMEN,990.04,43
Coach Leather Sofa,FURNITURE,COACH,,809.64,31
Detergent 64oz,GROCERIES,CLEANING,,746.36,183
Men’s Dress Shirt,CLOTHING,DRESS,MEN,813.72,70
King Bed Frame,FURNITURE,BED,,909.73,114
Coach Leather Sofa,FURNITURE,COACH,,925.12,112
King Bed Frame,FURNITURE,BED,,929.07,91
Women’s Pants,CLOTHING,PANTS,WOMEN,720.29,60
Rice 10lb,GROCERIES,DRY_FOOD,,954.23,180
Women’s Pants,CLOTHING,PANTS,WOMEN,321.6,158
Rice 10lb,GROCERIES,DRY_FOOD,,171.77,59
Kid’s Dress,CLOTHING,DRESS,KID,824.51,177
Coach Leather Sofa,FURNITURE,COACH,,62.29,101
Coach Leather Sofa,FURNITURE,COACH,,734.55,47
Detergent 64oz,GROCERIES,CLEANING,,885.82,138
Women’s Pants,CLOTHING,PANTS,WOMEN,803.43,77
Men’s Dress Shirt,CLOTHING,DRESS,MEN,393.3,2
Men’s Dress Shirt,CLOTHING,DRESS,MEN,638.45,164
Frozen Pizza,GROCERIES,FREEZER_FOOD,,262.01,61
Men’s Dress Shirt,CLOTHING,DRESS,MEN,613.84,194
Coach Leather Sofa,FURNITURE,COACH,,311.23,157
King Bed Frame,FURNITURE,BED,,682.99,12
Frozen Pizza,GROCERIES,FREEZER_FOOD,,794.93,63
Coach Leather Sofa,FURNITURE,COACH,,345.47,20
Women’s Pants,CLOTHING,PANTS,WOMEN,895.47,200
Rice 10lb,GROCERIES,DRY_FOOD,,602.81,74
Frozen Pizza,GROCERIES,FREEZER_FOOD,,669.15,125
Frozen Pizza,GROCERIES,FREEZER_FOOD,,534.38,97
Men’s Dress Shirt,CLOTHING,DRESS,MEN,969.78,124
Detergent 64oz,GROCERIES,CLEANING,,268.15,157
Men’s Dress Shirt,CLOTHING,DRESS,MEN,321.59,13
Detergent 64oz,GROCERIES,CLEANING,,300.95,90
Detergent 64oz,GROCERIES,CLEANING,,34.69,153
Kid’s Dress,CLOTHING,DRESS,KID,343.21,52
Frozen Pizza,GROCERIES,FREEZER_FOOD,,756.92,97
Rice 10lb,GROCERIES,DRY_FOOD,,665.37,186
Kid’s Dress,CLOTHING,DRESS,KID,60.3,58
Kid’s Dress,CLOTHING,DRESS,KID,901.03,83
Detergent 64oz,GROCERIES,CLEANING,,424.89,132
Women’s Pants,CLOTHING,PANTS,WOMEN,967.18,193
Kid’s Dress,CLOTHING,DRESS,KID,930.49,134
Kid’s Dress,CLOTHING,DRESS,KID,678.6,114
Men’s Dress Shirt,CLOTHING,DRESS,MEN,437.27,21
Detergent 64oz,GROCERIES,CLEANING,,545.33,99
Kid’s Dress,CLOTHING,DRESS,KID,648.52,3
Frozen Pizza,GROCERIES,FREEZER_FOOD,,541.29,118
Women’s Pants,CLOTHING,PANTS,WOMEN,986.49,199
Detergent 64oz,GROCERIES,CLEANING,,68.6,153
Men’s Dress Shirt,CLOTHING,DRESS,MEN,302.78,158
Women’s Pants,CLOTHING,PANTS,WOMEN,976.01,123
Rice 10lb,GROCERIES,DRY_FOOD,,568.63,95
Kid’s Dress,CLOTHING,DRESS,KID,919.65,34
Detergent 64oz,GROCERIES,CLEANING,,608.79,118
Women’s Pants,CLOTHING,PANTS,WOMEN,355.4,97
King Bed Frame,FURNITURE,BED,,971.01,181
Detergent 64oz,GROCERIES,CLEANING,,749.18,96
Kid’s Dress,CLOTHING,DRESS,KID,448.78,61
Women’s Pants,CLOTHING,PANTS,WOMEN,93.15,37
Frozen Pizza,GROCERIES,FREEZER_FOOD,,652.29,183
Men’s Dress Shirt,CLOTHING,DRESS,MEN,856.66,181
Coach Leather Sofa,FURNITURE,COACH,,980.35,158
Coach Leather Sofa,FURNITURE,COACH,,828.19,2
Detergent 64oz,GROCERIES,CLEANING,,95.92,86
Frozen Pizza,GROCERIES,FREEZER_FOOD,,511.55,180
Frozen Pizza,GROCERIES,FREEZER_FOOD,,449.93,185
Men’s Dress Shirt,CLOTHING,DRESS,MEN,283.93,115
King Bed Frame,FURNITURE,BED,,170.82,26
Detergent 64oz,GROCERIES,CLEANING,,617.79,188
Detergent 64oz,GROCERIES,CLEANING,,531.19,38
Detergent 64oz,GROCERIES,CLEANING,,356.76,151
Detergent 64oz,GROCERIES,CLEANING,,589.71,17
Frozen Pizza,GROCERIES,FREEZER_FOOD,,863.97,72
Rice 10lb,GROCERIES,DRY_FOOD,,388.47,38
Coach Leather Sofa,FURNITURE,COACH,,83.79,112
Women’s Pants,CLOTHING,PANTS,WOMEN,553.35,102
Frozen Pizza,GROCERIES,FREEZER_FOOD,,712.1,132
Rice 10lb,GROCERIES,DRY_FOOD,,942.83,162
Frozen Pizza,GROCERIES,FREEZER_FOOD,,884.97,136
King Bed Frame,FURNITURE,BED,,122.4,52
Detergent 64oz,GROCERIES,CLEANING,,281.73,13
Coach Leather Sofa,FURNITURE,COACH,,807.57,22
Detergent 64oz,GROCERIES,CLEANING,,852.11,55
Detergent 64oz,GROCERIES,CLEANING,,364.01,185
Men’s Dress Shirt,CLOTHING,DRESS,MEN,75.56,64
Men’s Dress Shirt,CLOTHING,DRESS,MEN,719.75,42
Rice 10lb,GROCERIES,DRY_FOOD,,812.83,8
King Bed Frame,FURNITURE,BED,,948.73,3
Kid’s Dress,CLOTHING,DRESS,KID,741.42,47
Coach Leather Sofa,FURNITURE,COACH,,849.24,45
Coach Leather Sofa,FURNITURE,COACH,,786.96,8
Kid’s Dress,CLOTHING,DRESS,KID,512.81,108
Men’s Dress Shirt,CLOTHING,DRESS,MEN,153.89,107
King Bed Frame,FURNITURE,BED,,70.58,144
King Bed Frame,FURNITURE,BED,,112.8,165
Frozen Pizza,GROCERIES,FREEZER_FOOD,,71.75,1
Women’s Pants,CLOTHING,PANTS,WOMEN,835.18,59
Frozen Pizza,GROCERIES,FREEZER_FOOD,,658.06,142
Coach Leather Sofa,FURNITURE,COACH,,497.9,41
King Bed Frame,FURNITURE,BED,,701.79,173
King Bed Frame,FURNITURE,BED,,715.61,198
King Bed Frame,FURNITURE,BED,,821.38,87
Women’s Pants,CLOTHING,PANTS,WOMEN,997.52,176
King Bed Frame,FURNITURE,BED,,878.4,173
Detergent 64oz,GROCERIES,CLEANING,,439.53,157
Coach Leather Sofa,FURNITURE,COACH,,40.54,107
Rice 10lb,GROCERIES,DRY_FOOD,,601.75,94
Men’s Dress Shirt,CLOTHING,DRESS,MEN,322.09,117
Men’s Dress Shirt,CLOTHING,DRESS,MEN,478.45,97
Rice 10lb,GROCERIES,DRY_FOOD,,112.68,82
King Bed Frame,FURNITURE,BED,,890.86,5
Frozen Pizza,GROCERIES,FREEZER_FOOD,,326.3,110
Rice 10lb,GROCERIES,DRY_FOOD,,808.6,110
Frozen Pizza,GROCERIES,FREEZER_FOOD,,155.7,86
Coach Leather Sofa,FURNITURE,COACH,,98.78,51
Frozen Pizza,GROCERIES,FREEZER_FOOD,,190.5,20
King Bed Frame,FURNITURE,BED,,912.13,145
Men’s Dress Shirt,CLOTHING,DRESS,MEN,930.63,44
Kid’s Dress,CLOTHING,DRESS,KID,378.01,186
King Bed Frame,FURNITURE,BED,,536.82,169
Rice 10lb,GROCERIES,DRY_FOOD,,823.56,176
Women’s Pants,CLOTHING,PANTS,WOMEN,115.66,54
Coach Leather Sofa,FURNITURE,COACH,,295.03,182
Rice 10lb,GROCERIES,DRY_FOOD,,225.92,121
Women’s Pants,CLOTHING,PANTS,WOMEN,789.88,191
Frozen Pizza,GROCERIES,FREEZER_FOOD,,703.44,10
Kid’s Dress,CLOTHING,DRESS,KID,895.96,90
Coach Leather Sofa,FURNITURE,COACH,,75.24,196
Coach Leather Sofa,FURNITURE,COACH,,118.08,192
Coach Leather Sofa,FURNITURE,COACH,,112.95,110
King Bed Frame,FURNITURE,BED,,438.99,12
Rice 10lb,GROCERIES,DRY_FOOD,,151.68,47
Rice 10lb,GROCERIES,DRY_FOOD,,742.88,172
Men’s Dress Shirt,CLOTHING,DRESS,MEN,818.57,51
Frozen Pizza,GROCERIES,FREEZER_FOOD,,126.93,55
Coach Leather Sofa,FURNITURE,COACH,,644.76,145
Kid’s Dress,CLOTHING,DRESS,KID,608.48,27
King Bed Frame,FURNITURE,BED,,616.86,36
Women’s Pants,CLOTHING,PANTS,WOMEN,255.84,181
Detergent 64oz,GROCERIES,CLEANING,,499.87,52
Men’s Dress Shirt,CLOTHING,DRESS,MEN,785.63,122
Frozen Pizza,GROCERIES,FREEZER_FOOD,,160.86,69
King Bed Frame,FURNITURE,BED,,460.96,22
Coach Leather Sofa,FURNITURE,COACH,,438.13,193
Women’s Pants,CLOTHING,PANTS,WOMEN,398.77,116
Frozen Pizza,GROCERIES,FREEZER_FOOD,,594.05,41
Coach Leather Sofa,FURNITURE,COACH,,121.51,75
Coach Leather Sofa,FURNITURE,COACH,,694.36,136
Men’s Dress Shirt,CLOTHING,DRESS,MEN,743.64,144
Frozen Pizza,GROCERIES,FREEZER_FOOD,,561.99,39
Detergent 64oz,GROCERIES,CLEANING,,598.58,128
King Bed Frame,FURNITURE,BED,,16.82,175
Kid’s Dress,CLOTHING,DRESS,KID,431.04,123
Rice 10lb,GROCERIES,DRY_FOOD,,42.76,113
Coach Leather Sofa,FURNITURE,COACH,,499.81,149
Kid’s Dress,CLOTHING,DRESS,KID,482.04,142
King Bed Frame,FURNITURE,BED,,78.14,166
Kid’s Dress,CLOTHING,DRESS,KID,389.47,60
Coach Leather Sofa,FURNITURE,COACH,,447.57,159
Men’s Dress Shirt,CLOTHING,DRESS,MEN,676.77,70
Coach Leather Sofa,FURNITURE,COACH,,619.25,187
Rice 10lb,GROCERIES,DRY_FOOD,,371.6,113
Men’s Dress Shirt,CLOTHING,DRESS,MEN,281.38,78
Kid’s Dress,CLOTHING,DRESS,KID,837.8,199
Coach Leather Sofa,FURNITURE,COACH,,455.81,116
Kid’s Dress,CLOTHING,DRESS,KID,731.4,147
Rice 10lb,GROCERIES,DRY_FOOD,,771.94,34
Rice 10lb,GROCERIES,DRY_FOOD,,697.89,115
Frozen Pizza,GROCERIES,FREEZER_FOOD,,685.26,12
Rice 10lb,GROCERIES,DRY_FOOD,,124.96,199
Detergent 64oz,GROCERIES,CLEANING,,38.15,177
King Bed Frame,FURNITURE,BED,,587.86,98
Rice 10lb,GROCERIES,DRY_FOOD,,103.09,13
Men’s Dress Shirt,CLOTHING,DRESS,MEN,168.39,35
Rice 10lb,GROCERIES,DRY_FOOD,,47.01,66
Detergent 64oz,GROCERIES,CLEANING,,327.64,133
Detergent 64oz,GROCERIES,CLEANING,,974.09,117
Women’s Pants,CLOTHING,PANTS,WOMEN,347.85,45
Women’s Pants,CLOTHING,PANTS,WOMEN,79.06,25
Coach Leather Sofa,FURNITURE,COACH,,291.19,147
Men’s Dress Shirt,CLOTHING,DRESS,MEN,945.49,94
Women’s Pants,CLOTHING,PANTS,WOMEN,895.03,59
Detergent 64oz,GROCERIES,CLEANING,,484.43,139
Rice 10lb,GROCERIES,DRY_FOOD,,281.97,47
Men’s Dress Shirt,CLOTHING,DRESS,MEN,779.31,159
Coach Leather Sofa,FURNITURE,COACH,,841.67,82
Women’s Pants,CLOTHING,PANTS,WOMEN,865.47,97
Women’s Pants,CLOTHING,PANTS,WOMEN,240.91,165
Coach Leather Sofa,FURNITURE,COACH,,622.24,32
King Bed Frame,FURNITURE,BED,,600.09,112
Kid’s Dress,CLOTHING,DRESS,KID,400.75,60
Frozen Pizza,GROCERIES,FREEZER_FOOD,,425.71,150
Men’s Dress Shirt,CLOTHING,DRESS,MEN,183.65,112
Coach Leather Sofa,FURNITURE,COACH,,497.34,15
King Bed Frame,FURNITURE,BED,,519.06,115
Coach Leather Sofa,FURNITURE,COACH,,335.4,194
Rice 10lb,GROCERIES,DRY_FOOD,,195.84,19
Detergent 64oz,GROCERIES,CLEANING,,794.9,197
Kid’s Dress,CLOTHING,DRESS,KID,998.61,177
Women’s Pants,CLOTHING,PANTS,WOMEN,199.48,51
Men’s Dress Shirt,CLOTHING,DRESS,MEN,596.85,26
King Bed Frame,FURNITURE,BED,,110.48,182
Frozen Pizza,GROCERIES,FREEZER_FOOD,,674.92,139
Kid’s Dress,CLOTHING,DRESS,KID,253.79,40
Women’s Pants,CLOTHING,PANTS,WOMEN,472.19,150
Women’s Pants,CLOTHING,PANTS,WOMEN,132.5,100
King Bed Frame,FURNITURE,BED,,428.68,141
Rice 10lb,GROCERIES,DRY_FOOD,,57.31,160
King Bed Frame,FURNITURE,BED,,512.82,136
Women’s Pants,CLOTHING,PANTS,WOMEN,445.91,55
Frozen Pizza,GROCERIES,FREEZER_FOOD,,130.53,56
Coach Leather Sofa,FURNITURE,COACH,,402.28,139
Coach Leather Sofa,FURNITURE,COACH,,343.64,46
Frozen Pizza,GROCERIES,FREEZER_FOOD,,112.94,99
King Bed Frame,FURNITURE,BED,,715.36,170
Coach Leather Sofa,FURNITURE,COACH,,831.62,127
Detergent 64oz,GROCERIES,CLEANING,,212.32,97
Women’s Pants,CLOTHING,PANTS,WOMEN,901.79,165
Frozen Pizza,GROCERIES,FREEZER_FOOD,,802.73,29
Women’s Pants,CLOTHING,PANTS,WOMEN,418.93,91
Frozen Pizza,GROCERIES,FREEZER_FOOD,,137.65,85
Coach Leather Sofa,FURNITURE,COACH,,263.37,127
Women’s Pants,CLOTHING,PANTS,WOMEN,292.14,55
Men’s Dress Shirt,CLOTHING,DRESS,MEN,256.15,11
Frozen Pizza,GROCERIES,FREEZER_FOOD,,125.64,163
Detergent 64oz,GROCERIES,CLEANING,,932.4,29
Detergent 64oz,GROCERIES,CLEANING,,515.62,188
Men’s Dress Shirt,CLOTHING,DRESS,MEN,541.66,33
Frozen Pizza,GROCERIES,FREEZER_FOOD,,199.46,197
Women’s Pants,CLOTHING,PANTS,WOMEN,111.59,53
Kid’s Dress,CLOTHING,DRESS,KID,24.98,6
Rice 10lb,GROCERIES,DRY_FOOD,,349.33,93
Detergent 64oz,GROCERIES,CLEANING,,413.73,81
Rice 10lb,GROCERIES,DRY_FOOD,,933.58,119
King Bed Frame,FURNITURE,BED,,226.14,135
Rice 10lb,GROCERIES,DRY_FOOD,,956.35,46
Men’s Dress Shirt,CLOTHING,DRESS,MEN,280.23,70
Kid’s Dress,CLOTHING,DRESS,KID,31.09,183
Women’s Pants,CLOTHING,PANTS,WOMEN,384.92,135
Rice 10lb,GROCERIES,DRY_FOOD,,977.19,97
Rice 10lb,GROCERIES,DRY_FOOD,,329.84,186
King Bed Frame,FURNITURE,BED,,530.57,24
Rice 10lb,GROCERIES,DRY_FOOD,,729.39,22
Women’s Pants,CLOTHING,PANTS,WOMEN,652.4,199
Men’s Dress Shirt,CLOTHING,DRESS,MEN,622.89,61
Detergent 64oz,GROCERIES,CLEANING,,161.48,191
King Bed Frame,FURNITURE,BED,,911.37,14
Men’s Dress Shirt,CLOTHING,DRESS,MEN,232.1,197
King Bed Frame,FURNITURE,BED,,536.78,147
Coach Leather Sofa,FURNITURE,COACH,,335.86,7
Rice 10lb,GROCERIES,DRY_FOOD,,856.39,170
Rice 10lb,GROCERIES,DRY_FOOD,,425.94,31
Kid’s Dress,CLOTHING,DRESS,KID,475.85,76
Frozen Pizza,GROCERIES,FREEZER_FOOD,,750.03,103
Frozen Pizza,GROCERIES,FREEZER_FOOD,,709.59,82
Kid’s Dress,CLOTHING,DRESS,KID,990.7,180
Kid’s Dress,CLOTHING,DRESS,KID,336.25,46
Men’s Dress Shirt,CLOTHING,DRESS,MEN,76.55,41
Men’s Dress Shirt,CLOTHING,DRESS,MEN,137.38,26
Coach Leather Sofa,FURNITURE,COACH,,298.13,116
Frozen Pizza,GROCERIES,FREEZER_FOOD,,770.52,80
King Bed Frame,FURNITURE,BED,,695.19,39
Women’s Pants,CLOTHING,PANTS,WOMEN,68.5,173
King Bed Frame,FURNITURE,BED,,169.62,79
Frozen Pizza,GROCERIES,FREEZER_FOOD,,970.54,114
Frozen Pizza,GROCERIES,FREEZER_FOOD,,96.13,157
Women’s Pants,CLOTHING,PANTS,WOMEN,530.62,119
Rice 10lb,GROCERIES,DRY_FOOD,,127.06,157
Rice 10lb,GROCERIES,DRY_FOOD,,663.39,161
Frozen Pizza,GROCERIES,FREEZER_FOOD,,488.56,117
Coach Leather Sofa,FURNITURE,COACH,,236.64,4
Kid’s Dress,CLOTHING,DRESS,KID,185.06,173
King Bed Frame,FURNITURE,BED,,692.05,108
Women’s Pants,CLOTHING,PANTS,WOMEN,311.19,157
King Bed Frame,FURNITURE,BED,,737.25,123
Women’s Pants,CLOTHING,PANTS,WOMEN,294.95,70
Frozen Pizza,GROCERIES,FREEZER_FOOD,,953.67,85
Women’s Pants,CLOTHING,PANTS,WOMEN,623.24,198
King Bed Frame,FURNITURE,BED,,181.03,88
Frozen Pizza,GROCERIES,FREEZER_FOOD,,366.52,168
Kid’s Dress,CLOTHING,DRESS,KID,977.21,73
Women’s Pants,CLOTHING,PANTS,WOMEN,259.4,83
King Bed Frame,FURNITURE,BED,,598.01,45
Women’s Pants,CLOTHING,PANTS,WOMEN,298.94,173
Men’s Dress Shirt,CLOTHING,DRESS,MEN,975.85,122
Rice 10lb,GROCERIES,DRY_FOOD,,134.87,168
Frozen Pizza,GROCERIES,FREEZER_FOOD,,595.69,26
Coach Leather Sofa,FURNITURE,COACH,,372.75,109
Detergent 64oz,GROCERIES,CLEANING,,651.06,136
Detergent 64oz,GROCERIES,CLEANING,,234.45,24
Coach Leather Sofa,FURNITURE,COACH,,837.07,153
Kid’s Dress,CLOTHING,DRESS,KID,617.47,125
Detergent 64oz,GROCERIES,CLEANING,,985.19,125
Kid’s Dress,CLOTHING,DRESS,KID,164.7,40
King Bed Frame,FURNITURE,BED,,392.4,193
Men’s Dress Shirt,CLOTHING,DRESS,MEN,588.36,113
Rice 10lb,GROCERIES,DRY_FOOD,,424.47,124
King Bed Frame,FURNITURE,BED,,872.17,110
Rice 10lb,GROCERIES,DRY_FOOD,,104.8,162
Detergent 64oz,GROCERIES,CLEANING,,471.44,95
Rice 10lb,GROCERIES,DRY_FOOD,,796.3,95
Rice 10lb,GROCERIES,DRY_FOOD,,289.65,110
Men’s Dress Shirt,CLOTHING,DRESS,MEN,348.75,198
Kid’s Dress,CLOTHING,DRESS,KID,133.94,160
Kid’s Dress,CLOTHING,DRESS,KID,326.69,106
Kid’s Dress,CLOTHING,DRESS,KID,103.01,31
King Bed Frame,FURNITURE,BED,,417.4,34
Men’s Dress Shirt,CLOTHING,DRESS,MEN,228.21,99
Detergent 64oz,GROCERIES,CLEANING,,313.56,20
Frozen Pizza,GROCERIES,FREEZER_FOOD,,835.09,32
Kid’s Dress,CLOTHING,DRESS,KID,601.82,141
Detergent 64oz,GROCERIES,CLEANING,,723.09,121
Men’s Dress Shirt,CLOTHING,DRESS,MEN,772,14
Coach Leather Sofa,FURNITURE,COACH,,451,88
Frozen Pizza,GROCERIES,FREEZER_FOOD,,166.84,53
Kid’s Dress,CLOTHING,DRESS,KID,255.71,50
Women’s Pants,CLOTHING,PANTS,WOMEN,90.1,52
Detergent 64oz,GROCERIES,CLEANING,,476.03,98
Rice 10lb,GROCERIES,DRY_FOOD,,835.45,75
Coach Leather Sofa,FURNITURE,COACH,,33.31,122
Frozen Pizza,GROCERIES,FREEZER_FOOD,,109.27,176
Kid’s Dress,CLOTHING,DRESS,KID,824.07,71
Frozen Pizza,GROCERIES,FREEZER_FOOD,,372.46,82
King Bed Frame,FURNITURE,BED,,335.76,30
King Bed Frame,FURNITURE,BED,,71.73,36
Coach Leather Sofa,FURNITURE,COACH,,339.83,48
Coach Leather Sofa,FURNITURE,COACH,,442.43,13
Kid’s Dress,CLOTHING,DRESS,KID,191.14,26
King Bed Frame,FURNITURE,BED,,771.22,183
King Bed Frame,FURNITURE,BED,,559.06,74
Coach Leather Sofa,FURNITURE,COACH,,311.86,106
Rice 10lb,GROCERIES,DRY_FOOD,,199.97,16
Women’s Pants,CLOTHING,PANTS,WOMEN,753.78,188
Men’s Dress Shirt,CLOTHING,DRESS,MEN,850.41,153
Women’s Pants,CLOTHING,PANTS,WOMEN,683.87,72
Women’s Pants,CLOTHING,PANTS,WOMEN,103.86,89
Coach Leather Sofa,FURNITURE,COACH,,930.42,150
Frozen Pizza,GROCERIES,FREEZER_FOOD,,489.57,21
Rice 10lb,GROCERIES,DRY_FOOD,,539.79,58
Coach Leather Sofa,FURNITURE,COACH,,391.87,149
King Bed Frame,FURNITURE,BED,,685.57,166
King Bed Frame,FURNITURE,BED,,176.21,133
Men’s Dress Shirt,CLOTHING,DRESS,MEN,5.33,78
Men’s Dress Shirt,CLOTHING,DRESS,MEN,64.61,117
Men’s Dress Shirt,CLOTHING,DRESS,MEN,924.08,18
King Bed Frame,FURNITURE,BED,,939.43,179
Coach Leather Sofa,FURNITURE,COACH,,650.28,170
King Bed Frame,FURNITURE,BED,,523.22,129
Men’s Dress Shirt,CLOTHING,DRESS,MEN,956.7,60
Women’s Pants,CLOTHING,PANTS,WOMEN,964.21,161
Frozen Pizza,GROCERIES,FREEZER_FOOD,,755.13,156
Men’s Dress Shirt,CLOTHING,DRESS,MEN,916.68,175
Rice 10lb,GROCERIES,DRY_FOOD,,84.4,51
Coach Leather Sofa,FURNITURE,COACH,,843.13,62
Rice 10lb,GROCERIES,DRY_FOOD,,445.28,136
Men’s Dress Shirt,CLOTHING,DRESS,MEN,321.37,167
Kid’s Dress,CLOTHING,DRESS,KID,402.1,41
Frozen Pizza,GROCERIES,FREEZER_FOOD,,560.39,157
Women’s Pants,CLOTHING,PANTS,WOMEN,416.81,194
Women’s Pants,CLOTHING,PANTS,WOMEN,701.6,160
Coach Leather Sofa,FURNITURE,COACH,,755.4,171
Kid’s Dress,CLOTHING,DRESS,KID,397.32,97
Women’s Pants,CLOTHING,PANTS,WOMEN,337.15,164
Men’s Dress Shirt,CLOTHING,DRESS,MEN,969.88,57
Women’s Pants,CLOTHING,PANTS,WOMEN,536.9,39
Women’s Pants,CLOTHING,PANTS,WOMEN,10.5,113
Detergent 64oz,GROCERIES,CLEANING,,293.63,141
Frozen Pizza,GROCERIES,FREEZER_FOOD,,219.78,165
Coach Leather Sofa,FURNITURE,COACH,,634.62,181
Rice 10lb,GROCERIES,DRY_FOOD,,597.13,14
Women’s Pants,CLOTHING,PANTS,WOMEN,332.88,57
Men’s Dress Shirt,CLOTHING,DRESS,MEN,576.96,13
Detergent 64oz,GROCERIES,CLEANING,,481.98,43
Coach Leather Sofa,FURNITURE,COACH,,101.66,90
King Bed Frame,FURNITURE,BED,,846.11,56
Coach Leather Sofa,FURNITURE,COACH,,856.95,41
Coach Leather Sofa,FURNITURE,COACH,,837.84,193
Detergent 64oz,GROCERIES,CLEANING,,724.32,2
Kid’s Dress,CLOTHING,DRESS,KID,989.07,38
Frozen Pizza,GROCERIES,FREEZER_FOOD,,245.47,163
Frozen Pizza,GROCERIES,FREEZER_FOOD,,226.78,147
Men’s Dress Shirt,CLOTHING,DRESS,MEN,726.93,172
Kid’s Dress,CLOTHING,DRESS,KID,738.75,175
Detergent 64oz,GROCERIES,CLEANING,,416.18,57
Kid’s Dress,CLOTHING,DRESS,KID,325.57,68
Women’s Pants,CLOTHING,PANTS,WOMEN,915.36,54
Kid’s Dress,CLOTHING,DRESS,KID,351.06,181
Kid’s Dress,CLOTHING,DRESS,KID,72.77,62
King Bed Frame,FURNITURE,BED,,247.97,110
Rice 10lb,GROCERIES,DRY_FOOD,,530.03,2
Men’s Dress Shirt,CLOTHING,DRESS,MEN,607.73,28
Detergent 64oz,GROCERIES,CLEANING,,989.82,149
Detergent 64oz,GROCERIES,CLEANING,,715.43,34
Kid’s Dress,CLOTHING,DRESS,KID,357.34,73
King Bed Frame,FURNITURE,BED,,181.57,129
Coach Leather Sofa,FURNITURE,COACH,,397.61,41
Men’s Dress Shirt,CLOTHING,DRESS,MEN,237.48,127
Coach Leather Sofa,FURNITURE,COACH,,766.47,19
Men’s Dress Shirt,CLOTHING,DRESS,MEN,952.03,23
Women’s Pants,CLOTHING,PANTS,WOMEN,544.16,67
Women’s Pants,CLOTHING,PANTS,WOMEN,739.76,166
Women’s Pants,CLOTHING,PANTS,WOMEN,542.16,111
Rice 10lb,GROCERIES,DRY_FOOD,,597.7,107
Frozen Pizza,GROCERIES,FREEZER_FOOD,,409.38,68
Coach Leather Sofa,FURNITURE,COACH,,792.97,4
Kid’s Dress,CLOTHING,DRESS,KID,333.37,46
Frozen Pizza,GROCERIES,FREEZER_FOOD,,728.28,148
Women’s Pants,CLOTHING,PANTS,WOMEN,943.48,166
Women’s Pants,CLOTHING,PANTS,WOMEN,606.52,29
Coach Leather Sofa,FURNITURE,COACH,,24.13,141
Kid’s Dress,CLOTHING,DRESS,KID,859.3,58
Kid’s Dress,CLOTHING,DRESS,KID,351.52,126
Women’s Pants,CLOTHING,PANTS,WOMEN,992.27,17
Frozen Pizza,GROCERIES,FREEZER_FOOD,,833.6,4
Women’s Pants,CLOTHING,PANTS,WOMEN,935.36,29
Women’s Pants,CLOTHING,PANTS,WOMEN,483.03,74
Rice 10lb,GROCERIES,DRY_FOOD,,797.98,19
Men’s Dress Shirt,CLOTHING,DRESS,MEN,578.2,187
Coach Leather Sofa,FURNITURE,COACH,,736.87,86
Kid’s Dress,CLOTHING,DRESS,KID,697.79,98
Detergent 64oz,GROCERIES,CLEANING,,64.49,156
King Bed Frame,FURNITURE,BED,,932.88,64
Coach Leather Sofa,FURNITURE,COACH,,570.18,96
Men’s Dress Shirt,CLOTHING,DRESS,MEN,918.1,17
Detergent 64oz,GROCERIES,CLEANING,,202.13,200
Men’s Dress Shirt,CLOTHING,DRESS,MEN,747.53,171
Kid’s Dress,CLOTHING,DRESS,KID,119.89,35
Coach Leather Sofa,FURNITURE,COACH,,40.96,77
Coach Leather Sofa,FURNITURE,COACH,,95.12,119
Rice 10lb,GROCERIES,DRY_FOOD,,866.49,52
King Bed Frame,FURNITURE,BED,,920.56,8
Coach Leather Sofa,FURNITURE,COACH,,362.22,69
Women’s Pants,CLOTHING,PANTS,WOMEN,900.92,72
Detergent 64oz,GROCERIES,CLEANING,,79.29,60
Kid’s Dress,CLOTHING,DRESS,KID,179.06,187
Detergent 64oz,GROCERIES,CLEANING,,557.82,188
Detergent 64oz,GROCERIES,CLEANING,,140.43,192
Detergent 64oz,GROCERIES,CLEANING,,379.65,46
King Bed Frame,FURNITURE,BED,,726.76,195
Detergent 64oz,GROCERIES,CLEANING,,193.02,155
Women’s Pants,CLOTHING,PANTS,WOMEN,181.34,55
Detergent 64oz,GROCERIES,CLEANING,,901.92,104
Detergent 64oz,GROCERIES,CLEANING,,683.88,58
Kid’s Dress,CLOTHING,DRESS,KID,683.09,24
King Bed Frame,FURNITURE,BED,,133.04,153
Detergent 64oz,GROCERIES,CLEANING,,168.97,10
Rice 10lb,GROCERIES,DRY_FOOD,,163.73,107
Coach Leather Sofa,FURNITURE,COACH,,817.13,169
Frozen Pizza,GROCERIES,FREEZER_FOOD,,513.1,177
Men’s Dress Shirt,CLOTHING,DRESS,MEN,880.7,176
Coach Leather Sofa,FURNITURE,COACH,,284.44,157
Men’s Dress Shirt,CLOTHING,DRESS,MEN,735.55,151
Women’s Pants,CLOTHING,PANTS,WOMEN,242.79,147
Women’s Pants,CLOTHING,PANTS,WOMEN,34.35,170
Frozen Pizza,GROCERIES,FREEZER_FOOD,,884.79,1
Rice 10lb,GROCERIES,DRY_FOOD,,270.57,164
Rice 10lb,GROCERIES,DRY_FOOD,,528.48,162
Frozen Pizza,GROCERIES,FREEZER_FOOD,,856.99,87
Kid’s Dress,CLOTHING,DRESS,KID,401.51,129
King Bed Frame,FURNITURE,BED,,891.42,29
Men’s Dress Shirt,CLOTHING,DRESS,MEN,114.75,101
Kid’s Dress,CLOTHING,DRESS,KID,778.07,65
Detergent 64oz,GROCERIES,CLEANING,,444.67,99
Rice 10lb,GROCERIES,DRY_FOOD,,955.22,78
Kid’s Dress,CLOTHING,DRESS,KID,225.71,21
Detergent 64oz,GROCERIES,CLEANING,,455.05,69
King Bed Frame,FURNITURE,BED,,342.61,106
Coach Leather Sofa,FURNITURE,COACH,,399.4,164
Men’s Dress Shirt,CLOTHING,DRESS,MEN,658.85,121
Women’s Pants,CLOTHING,PANTS,WOMEN,761.5,133
Frozen Pizza,GROCERIES,FREEZER_FOOD,,294.68,126
Coach Leather Sofa,FURNITURE,COACH,,972.5,116
Detergent 64oz,GROCERIES,CLEANING,,931.44,107
Men’s Dress Shirt,CLOTHING,DRESS,MEN,963.69,191
Frozen Pizza,GROCERIES,FREEZER_FOOD,,54.62,25
Coach Leather Sofa,FURNITURE,COACH,,268.9,105
Women’s Pants,CLOTHING,PANTS,WOMEN,345.33,143
King Bed Frame,FURNITURE,BED,,96.03,172
King Bed Frame,FURNITURE,BED,,648.46,97
Frozen Pizza,GROCERIES,FREEZER_FOOD,,251.05,163
Women’s Pants,CLOTHING,PANTS,WOMEN,338.66,85
Men’s Dress Shirt,CLOTHING,DRESS,MEN,822.19,123
Men’s Dress Shirt,CLOTHING,DRESS,MEN,985.9,197
Women’s Pants,CLOTHING,PANTS,WOMEN,77.81,150
Detergent 64oz,GROCERIES,CLEANING,,571.49,153
Kid’s Dress,CLOTHING,DRESS,KID,804.08,2
Frozen Pizza,GROCERIES,FREEZER_FOOD,,187,44
Detergent 64oz,GROCERIES,CLEANING,,40.43,123
Frozen Pizza,GROCERIES,FREEZER_FOOD,,580.04,33
Men’s Dress Shirt,CLOTHING,DRESS,MEN,293.32,4
Frozen Pizza,GROCERIES,FREEZER_FOOD,,366.7,2
Detergent 64oz,GROCERIES,CLEANING,,163.08,34
Coach Leather Sofa,FURNITURE,COACH,,456.75,196
Men’s Dress Shirt,CLOTHING,DRESS,MEN,732.77,171
Coach Leather Sofa,FURNITURE,COACH,,361.32,83
Rice 10lb,GROCERIES,DRY_FOOD,,680.06,185
Rice 10lb,GROCERIES,DRY_FOOD,,808.51,25
Women’s Pants,CLOTHING,PANTS,WOMEN,750.47,100
Frozen Pizza,GROCERIES,FREEZER_FOOD,,841.58,101
Coach Leather Sofa,FURNITURE,COACH,,208.26,46
Men’s Dress Shirt,CLOTHING,DRESS,MEN,102.52,160
Coach Leather Sofa,FURNITURE,COACH,,734.5,7
Women’s Pants,CLOTHING,PANTS,WOMEN,494.14,16
Kid’s Dress,CLOTHING,DRESS,KID,305.9,47
Kid’s Dress,CLOTHING,DRESS,KID,142.95,59
Women’s Pants,CLOTHING,PANTS,WOMEN,87.44,13
Coach Leather Sofa,FURNITURE,COACH,,589.69,196
Frozen Pizza,GROCERIES,FREEZER_FOOD,,415.65,112
Men’s Dress Shirt,CLOTHING,DRESS,MEN,794.03,69
Frozen Pizza,GROCERIES,FREEZER_FOOD,,927.4,193
Coach Leather Sofa,FURNITURE,COACH,,986.39,105
Women’s Pants,CLOTHING,PANTS,WOMEN,491.22,165
Rice 10lb,GROCERIES,DRY_FOOD,,44.11,30
King Bed Frame,FURNITURE,BED,,318.32,89
Women’s Pants,CLOTHING,PANTS,WOMEN,814.27,47
Women’s Pants,CLOTHING,PANTS,WOMEN,776,155
Coach Leather Sofa,FURNITURE,COACH,,607.9,190
King Bed Frame,FURNITURE,BED,,387.54,98
King Bed Frame,FURNITURE,BED,,710.6,100
Kid’s Dress,CLOTHING,DRESS,KID,941.51,171
Coach Leather Sofa,FURNITURE,COACH,,288.87,13
Frozen Pizza,GROCERIES,FREEZER_FOOD,,949.88,40
Detergent 64oz,GROCERIES,CLEANING,,413.63,82
Rice 10lb,GROCERIES,DRY_FOOD,,305.21,150
Coach Leather Sofa,FURNITURE,COACH,,53.67,104
Kid’s Dress,CLOTHING,DRESS,KID,931.77,193
Detergent 64oz,GROCERIES,CLEANING,,36.71,91
King Bed Frame,FURNITURE,BED,,185.41,187
Kid’s Dress,CLOTHING,DRESS,KID,116.44,99
Frozen Pizza,GROCERIES,FREEZER_FOOD,,549.72,170
King Bed Frame,FURNITURE,BED,,187.15,74
Coach Leather Sofa,FURNITURE,COACH,,258.49,32
Men’s Dress Shirt,CLOTHING,DRESS,MEN,898.39,145
Rice 10lb,GROCERIES,DRY_FOOD,,467.39,152
Women’s Pants,CLOTHING,PANTS,WOMEN,36.35,141
Kid’s Dress,CLOTHING,DRESS,KID,809.77,87
Rice 10lb,GROCERIES,DRY_FOOD,,984.35,198
Kid’s Dress,CLOTHING,DRESS,KID,754.79,108
King Bed Frame,FURNITURE,BED,,864.22,138
Frozen Pizza,GROCERIES,FREEZER_FOOD,,295.96,39
Frozen Pizza,GROCERIES,FREEZER_FOOD,,551.61,55
Women’s Pants,CLOTHING,PANTS,WOMEN,177.65,53
Rice 10lb,GROCERIES,DRY_FOOD,,916.55,62
Kid’s Dress,CLOTHING,DRESS,KID,753.36,168
Detergent 64oz,GROCERIES,CLEANING,,69.71,142
Coach Leather Sofa,FURNITURE,COACH,,576.9,48
Kid’s Dress,CLOTHING,DRESS,KID,571.47,110
Coach Leather Sofa,FURNITURE,COACH,,618.26,30
Women’s Pants,CLOTHING,PANTS,WOMEN,185.63,112
Detergent 64oz,GROCERIES,CLEANING,,63.38,152
Frozen Pizza,GROCERIES,FREEZER_FOOD,,79.2,57
King Bed Frame,FURNITURE,BED,,67.75,182
Coach Leather Sofa,FURNITURE,COACH,,870.43,112
Men’s Dress Shirt,CLOTHING,DRESS,MEN,687.47,125
Kid’s Dress,CLOTHING,DRESS,KID,519.64,107
Men’s Dress Shirt,CLOTHING,DRESS,MEN,93.89,131
Rice 10lb,GROCERIES,DRY_FOOD,,511.48,100
Women’s Pants,CLOTHING,PANTS,WOMEN,442.51,9
King Bed Frame,FURNITURE,BED,,795.77,107
Men’s Dress Shirt,CLOTHING,DRESS,MEN,24.35,95
Rice 10lb,GROCERIES,DRY_FOOD,,250.25,76
Detergent 64oz,GROCERIES,CLEANING,,559.21,3
Women’s Pants,CLOTHING,PANTS,WOMEN,757.63,195
Rice 10lb,GROCERIES,DRY_FOOD,,13.42,8
Coach Leather Sofa,FURNITURE,COACH,,751.42,136
Detergent 64oz,GROCERIES,CLEANING,,401.99,38
King Bed Frame,FURNITURE,BED,,33.9,150
King Bed Frame,FURNITURE,BED,,24.67,95
Coach Leather Sofa,FURNITURE,COACH,,425.68,177
Women’s Pants,CLOTHING,PANTS,WOMEN,859.92,188
Kid’s Dress,CLOTHING,DRESS,KID,742.28,177
King Bed Frame,FURNITURE,BED,,136.74,69
Detergent 64oz,GROCERIES,CLEANING,,798.16,88
King Bed Frame,FURNITURE,BED,,966.8,115
Men’s Dress Shirt,CLOTHING,DRESS,MEN,453.37,112
King Bed Frame,FURNITURE,BED,,955.42,191
Rice 10lb,GROCERIES,DRY_FOOD,,999.55,32
Rice 10lb,GROCERIES,DRY_FOOD,,529.91,196
Coach Leather Sofa,FURNITURE,COACH,,645.54,69
Kid’s Dress,CLOTHING,DRESS,KID,477.67,79
Detergent 64oz,GROCERIES,CLEANING,,966.6,186
Men’s Dress Shirt,CLOTHING,DRESS,MEN,309.99,106
Rice 10lb,GROCERIES,DRY_FOOD,,782.13,195
Frozen Pizza,GROCERIES,FREEZER_FOOD,,244.27,178
Coach Leather Sofa,FURNITURE,COACH,,479.02,134
Men’s Dress Shirt,CLOTHING,DRESS,MEN,869.76,157
Coach Leather Sofa,FURNITURE,COACH,,284.12,188
Rice 10lb,GROCERIES,DRY_FOOD,,37.18,110
Coach Leather Sofa,FURNITURE,COACH,,710.93,52
Men’s Dress Shirt,CLOTHING,DRESS,MEN,916.46,24
Frozen Pizza,GROCERIES,FREEZER_FOOD,,112.94,192
Women’s Pants,CLOTHING,PANTS,WOMEN,468.4,129
Kid’s Dress,CLOTHING,DRESS,KID,459.94,30
Men’s Dress Shirt,CLOTHING,DRESS,MEN,721.3,120
Rice 10lb,GROCERIES,DRY_FOOD,,491.21,182
King Bed Frame,FURNITURE,BED,,935.9,162
Coach Leather Sofa,FURNITURE,COACH,,666.76,99
Coach Leather Sofa,FURNITURE,COACH,,195.17,93
Coach Leather Sofa,FURNITURE,COACH,,63.02,41
Coach Leather Sofa,FURNITURE,COACH,,13.83,124
Detergent 64oz,GROCERIES,CLEANING,,150.16,52
Detergent 64oz,GROCERIES,CLEANING,,701.96,126
Rice 10lb,GROCERIES,DRY_FOOD,,916.89,198
King Bed Frame,FURNITURE,BED,,766.55,46
Kid’s Dress,CLOTHING,DRESS,KID,312.86,118
Coach Leather Sofa,FURNITURE,COACH,,713.65,53
Men’s Dress Shirt,CLOTHING,DRESS,MEN,515.03,113
Kid’s Dress,CLOTHING,DRESS,KID,272.83,53
Rice 10lb,GROCERIES,DRY_FOOD,,205.53,122
Women’s Pants,CLOTHING,PANTS,WOMEN,303.96,163
Coach Leather Sofa,FURNITURE,COACH,,861.01,182
Rice 10lb,GROCERIES,DRY_FOOD,,52.61,147
Kid’s Dress,CLOTHING,DRESS,KID,429.64,40
King Bed Frame,FURNITURE,BED,,81.15,196
Coach Leather Sofa,FURNITURE,COACH,,229.37,190
Frozen Pizza,GROCERIES,FREEZER_FOOD,,672.67,125
Kid’s Dress,CLOTHING,DRESS,KID,966.04,43
Frozen Pizza,GROCERIES,FREEZER_FOOD,,823.44,109
Frozen Pizza,GROCERIES,FREEZER_FOOD,,434.73,163
Detergent 64oz,GROCERIES,CLEANING,,70.5,192
Detergent 64oz,GROCERIES,CLEANING,,272.03,126
Women’s Pants,CLOTHING,PANTS,WOMEN,289.13,7
Kid’s Dress,CLOTHING,DRESS,KID,910.76,20
Kid’s Dress,CLOTHING,DRESS,KID,836.39,27
Coach Leather Sofa,FURNITURE,COACH,,818.96,68
Coach Leather Sofa,FURNITURE,COACH,,707.41,191
Detergent 64oz,GROCERIES,CLEANING,,214.62,65
Detergent 64oz,GROCERIES,CLEANING,,965.08,169
Kid’s Dress,CLOTHING,DRESS,KID,151,148
Frozen Pizza,GROCERIES,FREEZER_FOOD,,945.26,115
Men’s Dress Shirt,CLOTHING,DRESS,MEN,986.16,20
Coach Leather Sofa,FURNITURE,COACH,,872.5,87
Rice 10lb,GROCERIES,DRY_FOOD,,441.82,7
Frozen Pizza,GROCERIES,FREEZER_FOOD,,254.98,119
Rice 10lb,GROCERIES,DRY_FOOD,,343.33,90
Detergent 64oz,GROCERIES,CLEANING,,760.96,143
Men’s Dress Shirt,CLOTHING,DRESS,MEN,63.72,183
Rice 10lb,GROCERIES,DRY_FOOD,,488.19,132
Kid’s Dress,CLOTHING,DRESS,KID,476.4,122
Coach Leather Sofa,FURNITURE,COACH,,953.09,87
Detergent 64oz,GROCERIES,CLEANING,,302.88,84
Men’s Dress Shirt,CLOTHING,DRESS,MEN,237.82,80
King Bed Frame,FURNITURE,BED,,224.37,69
King Bed Frame,FURNITURE,BED,,473.42,176
Men’s Dress Shirt,CLOTHING,DRESS,MEN,772.99,193
Women’s Pants,CLOTHING,PANTS,WOMEN,508.23,159
Detergent 64oz,GROCERIES,CLEANING,,930.9,82
Kid’s Dress,CLOTHING,DRESS,KID,107.46,168
Kid’s Dress,CLOTHING,DRESS,KID,372.19,59
Detergent 64oz,GROCERIES,CLEANING,,56.6,90
King Bed Frame,FURNITURE,BED,,718.06,100
Women’s Pants,CLOTHING,PANTS,WOMEN,859.14,34
Frozen Pizza,GROCERIES,FREEZER_FOOD,,568.56,175
Women’s Pants,CLOTHING,PANTS,WOMEN,469.74,70
Frozen Pizza,GROCERIES,FREEZER_FOOD,,347.47,112
Rice 10lb,GROCERIES,DRY_FOOD,,266.18,34
Detergent 64oz,GROCERIES,CLEANING,,290.36,148
Kid’s Dress,CLOTHING,DRESS,KID,858.39,23
Rice 10lb,GROCERIES,DRY_FOOD,,605.03,109
Women’s Pants,CLOTHING,PANTS,WOMEN,343.81,199
Coach Leather Sofa,FURNITURE,COACH,,673.36,15
Men’s Dress Shirt,CLOTHING,DRESS,MEN,782.27,98
Detergent 64oz,GROCERIES,CLEANING,,788.45,20
Kid’s Dress,CLOTHING,DRESS,KID,133.83,32
Detergent 64oz,GROCERIES,CLEANING,,374.63,94
Women’s Pants,CLOTHING,PANTS,WOMEN,313.77,2
Rice 10lb,GROCERIES,DRY_FOOD,,716.1,23
Men’s Dress Shirt,CLOTHING,DRESS,MEN,644.38,179
Men’s Dress Shirt,CLOTHING,DRESS,MEN,444.69,3
Detergent 64oz,GROCERIES,CLEANING,,293.63,121
Women’s Pants,CLOTHING,PANTS,WOMEN,893.43,91
Men’s Dress Shirt,CLOTHING,DRESS,MEN,598.12,184
Detergent 64oz,GROCERIES,CLEANING,,37.18,19
Frozen Pizza,GROCERIES,FREEZER_FOOD,,376.09,196
Rice 10lb,GROCERIES,DRY_FOOD,,329.03,196
Coach Leather Sofa,FURNITURE,COACH,,490.05,102
Detergent 64oz,GROCERIES,CLEANING,,37.19,128
Kid’s Dress,CLOTHING,DRESS,KID,285.03,197
Men’s Dress Shirt,CLOTHING,DRESS,MEN,407.27,25
King Bed Frame,FURNITURE,BED,,556.83,140
Detergent 64oz,GROCERIES,CLEANING,,13.82,125
Coach Leather Sofa,FURNITURE,COACH,,362.62,25
Coach Leather Sofa,FURNITURE,COACH,,350.01,58
Kid’s Dress,CLOTHING,DRESS,KID,613.26,16
King Bed Frame,FURNITURE,BED,,839.96,92
Coach Leather Sofa,FURNITURE,COACH,,702.07,126
King Bed Frame,FURNITURE,BED,,167.14,75
Detergent 64oz,GROCERIES,CLEANING,,28.16,141
Women’s Pants,CLOTHING,PANTS,WOMEN,942.08,50
Men’s Dress Shirt,CLOTHING,DRESS,MEN,927.82,54
Men’s Dress Shirt,CLOTHING,DRESS,MEN,258.23,2
Women’s Pants,CLOTHING,PANTS,WOMEN,365.89,132
Rice 10lb,GROCERIES,DRY_FOOD,,761.11,199
Kid’s Dress,CLOTHING,DRESS,KID,229.7,148
Men’s Dress Shirt,CLOTHING,DRESS,MEN,703.02,39
Frozen Pizza,GROCERIES,FREEZER_FOOD,,547.51,119
Frozen Pizza,GROCERIES,FREEZER_FOOD,,81.87,110
Frozen Pizza,GROCERIES,FREEZER_FOOD,,675.36,49
Men’s Dress Shirt,CLOTHING,DRESS,MEN,733.66,130
Detergent 64oz,GROCERIES,CLEANING,,767,104
Kid’s Dress,CLOTHING,DRESS,KID,774.89,1
Rice 10lb,GROCERIES,DRY_FOOD,,45.16,185
Detergent 64oz,GROCERIES,CLEANING,,65.56,146
Rice 10lb,GROCERIES,DRY_FOOD,,372.95,149
Coach Leather Sofa,FURNITURE,COACH,,224.88,165
King Bed Frame,FURNITURE,BED,,590.63,185
Rice 10lb,GROCERIES,DRY_FOOD,,811.01,112
Women’s Pants,CLOTHING,PANTS,WOMEN,313.26,8
Rice 10lb,GROCERIES,DRY_FOOD,,449.43,110
Kid’s Dress,CLOTHING,DRESS,KID,615.54,101
Rice 10lb,GROCERIES,DRY_FOOD,,504.53,127
King Bed Frame,FURNITURE,BED,,537.18,63
Men’s Dress Shirt,CLOTHING,DRESS,MEN,541.49,160
Men’s Dress Shirt,CLOTHING,DRESS,MEN,308.42,107
King Bed Frame,FURNITURE,BED,,801.57,200
Frozen Pizza,GROCERIES,FREEZER_FOOD,,541.9,144
Frozen Pizza,GROCERIES,FREEZER_FOOD,,135.81,71
Coach Leather Sofa,FURNITURE,COACH,,75.33,27
Rice 10lb,GROCERIES,DRY_FOOD,,384.68,200
Coach Leather Sofa,FURNITURE,COACH,,22.37,200
Men’s Dress Shirt,CLOTHING,DRESS,MEN,969.48,1
Women’s Pants,CLOTHING,PANTS,WOMEN,372.58,110
Detergent 64oz,GROCERIES,CLEANING,,811.3,198
Frozen Pizza,GROCERIES,FREEZER_FOOD,,903.66,42
Detergent 64oz,GROCERIES,CLEANING,,954.56,82
Women’s Pants,CLOTHING,PANTS,WOMEN,350.73,34
Men’s Dress Shirt,CLOTHING,DRESS,MEN,836.12,24
Rice 10lb,GROCERIES,DRY_FOOD,,599.6,34
Women’s Pants,CLOTHING,PANTS,WOMEN,302.22,42
Women’s Pants,CLOTHING,PANTS,WOMEN,144.66,152
Frozen Pizza,GROCERIES,FREEZER_FOOD,,933.62,151
Women’s Pants,CLOTHING,PANTS,WOMEN,552.76,145
Kid’s Dress,CLOTHING,DRESS,KID,327.45,137
Women’s Pants,CLOTHING,PANTS,WOMEN,139.28,110
Kid’s Dress,CLOTHING,DRESS,KID,717.3,1
Women’s Pants,CLOTHING,PANTS,WOMEN,304.47,34
Men’s Dress Shirt,CLOTHING,DRESS,MEN,848.89,10
Women’s Pants,CLOTHING,PANTS,WOMEN,132.67,196
Kid’s Dress,CLOTHING,DRESS,KID,425.19,6
Frozen Pizza,GROCERIES,FREEZER_FOOD,,685.02,21
Men’s Dress Shirt,CLOTHING,DRESS,MEN,121.2,75
Frozen Pizza,GROCERIES,FREEZER_FOOD,,193.21,46
King Bed Frame,FURNITURE,BED,,662.65,90
Women’s Pants,CLOTHING,PANTS,WOMEN,311.06,45
Rice 10lb,GROCERIES,DRY_FOOD,,252.72,65
Women’s Pants,CLOTHING,PANTS,WOMEN,292.48,87
Rice 10lb,GROCERIES,DRY_FOOD,,875.21,29
Coach Leather Sofa,FURNITURE,COACH,,112.07,27
Frozen Pizza,GROCERIES,FREEZER_FOOD,,63.39,27
King Bed Frame,FURNITURE,BED,,548.69,117
Women’s Pants,CLOTHING,PANTS,WOMEN,562.76,114
King Bed Frame,FURNITURE,BED,,338.82,154
Detergent 64oz,GROCERIES,CLEANING,,990.38,29
King Bed Frame,FURNITURE,BED,,88.51,122
Women’s Pants,CLOTHING,PANTS,WOMEN,753.9,200
Men’s Dress Shirt,CLOTHING,DRESS,MEN,286.99,119
Kid’s Dress,CLOTHING,DRESS,KID,417.99,152
Women’s Pants,CLOTHING,PANTS,WOMEN,256.65,198
Rice 10lb,GROCERIES,DRY_FOOD,,601.34,50
Detergent 64oz,GROCERIES,CLEANING,,68,15
Detergent 64oz,GROCERIES,CLEANING,,602.47,60
King Bed Frame,FURNITURE,BED,,366.43,65
Coach Leather Sofa,FURNITURE,COACH,,655.91,128
Detergent 64oz,GROCERIES,CLEANING,,956.19,12
King Bed Frame,FURNITURE,BED,,77.52,145
Rice 10lb,GROCERIES,DRY_FOOD,,134.23,35
Men’s Dress Shirt,CLOTHING,DRESS,MEN,224.14,26
Coach Leather Sofa,FURNITURE,COACH,,958.18,102
Men’s Dress Shirt,CLOTHING,DRESS,MEN,408.54,56
King Bed Frame,FURNITURE,BED,,189.14,9
Detergent 64oz,GROCERIES,CLEANING,,834.67,148
Rice 10lb,GROCERIES,DRY_FOOD,,234.26,81
Coach Leather Sofa,FURNITURE,COACH,,745.19,115
Coach Leather Sofa,FURNITURE,COACH,,628.33,59
Rice 10lb,GROCERIES,DRY_FOOD,,517.66,132
Frozen Pizza,GROCERIES,FREEZER_FOOD,,667.31,43
King Bed Frame,FURNITURE,BED,,853.33,35
King Bed Frame,FURNITURE,BED,,891.92,118
Coach Leather Sofa,FURNITURE,COACH,,673.74,12
King Bed Frame,FURNITURE,BED,,846.24,128
Coach Leather Sofa,FURNITURE,COACH,,194.54,172
Coach Leather Sofa,FURNITURE,COACH,,588.41,62
Detergent 64oz,GROCERIES,CLEANING,,433.62,58
Frozen Pizza,GROCERIES,FREEZER_FOOD,,825.74,111
Detergent 64oz,GROCERIES,CLEANING,,244.13,155
Women’s Pants,CLOTHING,PANTS,WOMEN,260.13,193
Coach Leather Sofa,FURNITURE,COACH,,220.6,157
Kid’s Dress,CLOTHING,DRESS,KID,31.8,26
Men’s Dress Shirt,CLOTHING,DRESS,MEN,74.5,189
Coach Leather Sofa,FURNITURE,COACH,,231.6,43
Rice 10lb,GROCERIES,DRY_FOOD,,80.77,114
Men’s Dress Shirt,CLOTHING,DRESS,MEN,769.93,36
Frozen Pizza,GROCERIES,FREEZER_FOOD,,108.44,135
King Bed Frame,FURNITURE,BED,,918.68,133
Kid’s Dress,CLOTHING,DRESS,KID,223.91,117
Detergent 64oz,GROCERIES,CLEANING,,108.76,143
Kid’s Dress,CLOTHING,DRESS,KID,338.74,12
Men’s Dress Shirt,CLOTHING,DRESS,MEN,628.01,57
Frozen Pizza,GROCERIES,FREEZER_FOOD,,136.84,133
Women’s Pants,CLOTHING,PANTS,WOMEN,698.82,111
Detergent 64oz,GROCERIES,CLEANING,,885.2,185
Women’s Pants,CLOTHING,PANTS,WOMEN,374.14,119
Detergent 64oz,GROCERIES,CLEANING,,209.1,35
Women’s Pants,CLOTHING,PANTS,WOMEN,754.15,130
Women’s Pants,CLOTHING,PANTS,WOMEN,864.63,61
Frozen Pizza,GROCERIES,FREEZER_FOOD,,538.8,40
Detergent 64oz,GROCERIES,CLEANING,,64.52,139
King Bed Frame,FURNITURE,BED,,71.58,77
King Bed Frame,FURNITURE,BED,,978.44,119
Kid’s Dress,CLOTHING,DRESS,KID,254.26,13
Detergent 64oz,GROCERIES,CLEANING,,541.06,130
Coach Leather Sofa,FURNITURE,COACH,,760.84,53
Frozen Pizza,GROCERIES,FREEZER_FOOD,,441.11,47
King Bed Frame,FURNITURE,BED,,366.24,6
Coach Leather Sofa,FURNITURE,COACH,,755.37,83
Coach Leather Sofa,FURNITURE,COACH,,146.06,154
Frozen Pizza,GROCERIES,FREEZER_FOOD,,177.55,142
King Bed Frame,FURNITURE,BED,,239.4,78
Detergent 64oz,GROCERIES,CLEANING,,762.11,176
Detergent 64oz,GROCERIES,CLEANING,,415.88,3
Detergent 64oz,GROCERIES,CLEANING,,382.75,75
Women’s Pants,CLOTHING,PANTS,WOMEN,732.31,137
Men’s Dress Shirt,CLOTHING,DRESS,MEN,254.16,142
Detergent 64oz,GROCERIES,CLEANING,,851.82,146
King Bed Frame,FURNITURE,BED,,243.87,179
Kid’s Dress,CLOTHING,DRESS,KID,38.7,173
Frozen Pizza,GROCERIES,FREEZER_FOOD,,98.01,104
Women’s Pants,CLOTHING,PANTS,WOMEN,942.26,193
King Bed Frame,FURNITURE,BED,,926.67,52
Frozen Pizza,GROCERIES,FREEZER_FOOD,,227.24,82
Kid’s Dress,CLOTHING,DRESS,KID,306.71,154
King Bed Frame,FURNITURE,BED,,97.11,155
Detergent 64oz,GROCERIES,CLEANING,,326.72,107
Detergent 64oz,GROCERIES,CLEANING,,330.3,188
Coach Leather Sofa,FURNITURE,COACH,,93.18,65
Coach Leather Sofa,FURNITURE,COACH,,845.95,114
Coach Leather Sofa,FURNITURE,COACH,,757.13,89
Men’s Dress Shirt,CLOTHING,DRESS,MEN,997.58,45
Frozen Pizza,GROCERIES,FREEZER_FOOD,,340.47,19
Detergent 64oz,GROCERIES,CLEANING,,886.83,25
Kid’s Dress,CLOTHING,DRESS,KID,763.07,30
Men’s Dress Shirt,CLOTHING,DRESS,MEN,714.69,196
King Bed Frame,FURNITURE,BED,,177.42,72
Kid’s Dress,CLOTHING,DRESS,KID,351.12,162
Detergent 64oz,GROCERIES,CLEANING,,968.9,83
King Bed Frame,FURNITURE,BED,,189.57,47
Rice 10lb,GROCERIES,DRY_FOOD,,14.05,169
Detergent 64oz,GROCERIES,CLEANING,,444.92,190
King Bed Frame,FURNITURE,BED,,558.54,44
Frozen Pizza,GROCERIES,FREEZER_FOOD,,807.56,165
Women’s Pants,CLOTHING,PANTS,WOMEN,680.41,138
Kid’s Dress,CLOTHING,DRESS,KID,874.74,54
King Bed Frame,FURNITURE,BED,,989.42,77
Frozen Pizza,GROCERIES,FREEZER_FOOD,,818.48,72
Coach Leather Sofa,FURNITURE,COACH,,905.32,171
King Bed Frame,FURNITURE,BED,,784.66,193
Coach Leather Sofa,FURNITURE,COACH,,483.98,120
Kid’s Dress,CLOTHING,DRESS,KID,557.03,94
Frozen Pizza,GROCERIES,FREEZER_FOOD,,452.61,35
Men’s Dress Shirt,CLOTHING,DRESS,MEN,196.47,36
Rice 10lb,GROCERIES,DRY_FOOD,,92.56,197
King Bed Frame,FURNITURE,BED,,418.09,48
Detergent 64oz,GROCERIES,CLEANING,,405.92,94
Kid’s Dress,CLOTHING,DRESS,KID,737.66,164
Rice 10lb,GROCERIES,DRY_FOOD,,205.03,47
Frozen Pizza,GROCERIES,FREEZER_FOOD,,759.44,38
Rice 10lb,GROCERIES,DRY_FOOD,,374.06,187
Detergent 64oz,GROCERIES,CLEANING,,887.91,70
Men’s Dress Shirt,CLOTHING,DRESS,MEN,505.97,94
Women’s Pants,CLOTHING,PANTS,WOMEN,807.53,121
Women’s Pants,CLOTHING,PANTS,WOMEN,46.1,195
Frozen Pizza,GROCERIES,FREEZER_FOOD,,842.15,76
Men’s Dress Shirt,CLOTHING,DRESS,MEN,78.78,144
Frozen Pizza,GROCERIES,FREEZER_FOOD,,611.18,167
Frozen Pizza,GROCERIES,FREEZER_FOOD,,831.89,194
Detergent 64oz,GROCERIES,CLEANING,,305.99,5
Frozen Pizza,GROCERIES,FREEZER_FOOD,,659.67,151
Coach Leather Sofa,FURNITURE,COACH,,341.26,5
Detergent 64oz,GROCERIES,CLEANING,,350.19,138
King Bed Frame,FURNITURE,BED,,399.1,97
Frozen Pizza,GROCERIES,FREEZER_FOOD,,322.38,103
Kid’s Dress,CLOTHING,DRESS,KID,141.79,189
Coach Leather Sofa,FURNITURE,COACH,,931.47,31
Rice 10lb,GROCERIES,DRY_FOOD,,914.72,32
Women’s Pants,CLOTHING,PANTS,WOMEN,327.8,154
Kid’s Dress,CLOTHING,DRESS,KID,421.99,73
Rice 10lb,GROCERIES,DRY_FOOD,,663.08,189
Women’s Pants,CLOTHING,PANTS,WOMEN,860.94,112
Frozen Pizza,GROCERIES,FREEZER_FOOD,,893.5,140
Men’s Dress Shirt,CLOTHING,DRESS,MEN,325.91,127
Women’s Pants,CLOTHING,PANTS,WOMEN,101.48,191
Men’s Dress Shirt,CLOTHING,DRESS,MEN,51.89,22
Coach Leather Sofa,FURNITURE,COACH,,694.74,96
Women’s Pants,CLOTHING,PANTS,WOMEN,676.08,170
Women’s Pants,CLOTHING,PANTS,WOMEN,442.54,14
Detergent 64oz,GROCERIES,CLEANING,,75.8,50
King Bed Frame,FURNITURE,BED,,222.41,196
Kid’s Dress,CLOTHING,DRESS,KID,397.98,71
Detergent 64oz,GROCERIES,CLEANING,,174.02,111
Rice 10lb,GROCERIES,DRY_FOOD,,582.23,126
Frozen Pizza,GROCERIES,FREEZER_FOOD,,967.72,27
King Bed Frame,FURNITURE,BED,,55.41,14
Kid’s Dress,CLOTHING,DRESS,KID,227.91,32
Women’s Pants,CLOTHING,PANTS,WOMEN,732.82,88
Detergent 64oz,GROCERIES,CLEANING,,44.28,112
Women’s Pants,CLOTHING,PANTS,WOMEN,919.84,189
Kid’s Dress,CLOTHING,DRESS,KID,653.79,34
Frozen Pizza,GROCERIES,FREEZER_FOOD,,851.36,159
Rice 10lb,GROCERIES,DRY_FOOD,,951.45,101
Frozen Pizza,GROCERIES,FREEZER_FOOD,,900.14,61
Women’s Pants,CLOTHING,PANTS,WOMEN,66.61,17
Coach Leather Sofa,FURNITURE,COACH,,169.36,160
King Bed Frame,FURNITURE,BED,,740.41,27
Men’s Dress Shirt,CLOTHING,DRESS,MEN,477.74,64
